state_code,state_ut_name,city_name
35,Andaman and Nicobar Islands,Port Blair
28,Andhra Pradesh,Adilabad
28,Andhra Pradesh,Adoni
28,Andhra Pradesh,Amadalavalasa
28,Andhra Pradesh,Amalapuram
28,Andhra Pradesh,Anakapalle
28,Andhra Pradesh,Anantapur
28,Andhra Pradesh,Badepalle
28,Andhra Pradesh,Banganapalle
28,Andhra Pradesh,Bapatla
28,Andhra Pradesh,Bellampalle
28,Andhra Pradesh,Bethamcherla
28,Andhra Pradesh,Bhadrachalam
28,Andhra Pradesh,Bhainsa
28,Andhra Pradesh,Bheemunipatnam
28,Andhra Pradesh,Bhimavaram
28,Andhra Pradesh,Bhongir
28,Andhra Pradesh,Bobbili
28,Andhra Pradesh,Bodhan
28,Andhra Pradesh,Chilakaluripet
28,Andhra Pradesh,Chirala
28,Andhra Pradesh,Chittoor
28,Andhra Pradesh,Cuddapah
28,Andhra Pradesh,Devarakonda
28,Andhra Pradesh,Dharmavaram
28,Andhra Pradesh,Eluru
28,Andhra Pradesh,Farooqnagar
28,Andhra Pradesh,Gadwal
28,Andhra Pradesh,Gooty
28,Andhra Pradesh,Gudivada
28,Andhra Pradesh,Gudur
28,Andhra Pradesh,Guntakal
28,Andhra Pradesh,Guntur
28,Andhra Pradesh,Hanuman Junction
28,Andhra Pradesh,Hindupur
28,Andhra Pradesh,Hyderabad
28,Andhra Pradesh,Ichchapuram
28,Andhra Pradesh,Jaggaiahpet
28,Andhra Pradesh,Jagtial
28,Andhra Pradesh,Jammalamadugu
28,Andhra Pradesh,Jangaon
28,Andhra Pradesh,Kadapa
28,Andhra Pradesh,Kadiri
28,Andhra Pradesh,Kagaznagar
28,Andhra Pradesh,Kakinada
28,Andhra Pradesh,Kalyandurg
28,Andhra Pradesh,Kamareddy
28,Andhra Pradesh,Kandukur
28,Andhra Pradesh,Karimnagar
28,Andhra Pradesh,Kavali
28,Andhra Pradesh,Khammam
28,Andhra Pradesh,Koratla
28,Andhra Pradesh,Kothagudem
28,Andhra Pradesh,Kothapeta
28,Andhra Pradesh,Kovvur
28,Andhra Pradesh,Kurnool
28,Andhra Pradesh,Kyathampalle
28,Andhra Pradesh,Macherla
28,Andhra Pradesh,Machilipatnam
28,Andhra Pradesh,Madanapalle
28,Andhra Pradesh,Mahbubnagar
28,Andhra Pradesh,Mancherial
28,Andhra Pradesh,Mandamarri
28,Andhra Pradesh,Mandapeta
28,Andhra Pradesh,Manuguru
28,Andhra Pradesh,Markapur
28,Andhra Pradesh,Medak
28,Andhra Pradesh,Miryalaguda
28,Andhra Pradesh,Mogalthur
28,Andhra Pradesh,Nagari
28,Andhra Pradesh,Nagarkurnool
28,Andhra Pradesh,Nandyal
28,Andhra Pradesh,Narasapur
28,Andhra Pradesh,Narasaraopet
28,Andhra Pradesh,Narayanpet
28,Andhra Pradesh,Narsipatnam
28,Andhra Pradesh,Nellore
28,Andhra Pradesh,Nidadavole
28,Andhra Pradesh,Nirmal
28,Andhra Pradesh,Nizamabad
28,Andhra Pradesh,Nuzvid
28,Andhra Pradesh,Ongole
28,Andhra Pradesh,Palacole
28,Andhra Pradesh,Palasa Kasibugga
28,Andhra Pradesh,Palwancha
28,Andhra Pradesh,Parvathipuram
28,Andhra Pradesh,Pedana
28,Andhra Pradesh,Peddapuram
28,Andhra Pradesh,Pithapuram
28,Andhra Pradesh,Pondur
28,Andhra Pradesh,Ponnur
28,Andhra Pradesh,Proddatur
28,Andhra Pradesh,Punganur
28,Andhra Pradesh,Puttur
28,Andhra Pradesh,Rajahmundry
28,Andhra Pradesh,Rajam
28,Andhra Pradesh,Rajampet
28,Andhra Pradesh,Ramachandrapuram
28,Andhra Pradesh,Ramagundam
28,Andhra Pradesh,Rayachoti
28,Andhra Pradesh,Rayadurg
28,Andhra Pradesh,Renigunta
28,Andhra Pradesh,Repalle
28,Andhra Pradesh,Sadasivpet
28,Andhra Pradesh,Salur
28,Andhra Pradesh,Samalkot
28,Andhra Pradesh,Sangareddy
28,Andhra Pradesh,Sattenapalle
28,Andhra Pradesh,Siddipet
28,Andhra Pradesh,Singapur
28,Andhra Pradesh,Sircilla
28,Andhra Pradesh,Srikakulam
28,Andhra Pradesh,Srikalahasti
28,Andhra Pradesh,Suryapet
28,Andhra Pradesh,Tadepalligudem
28,Andhra Pradesh,Tadpatri
28,Andhra Pradesh,Tandur
28,Andhra Pradesh,Tanuku
28,Andhra Pradesh,Tenali
28,Andhra Pradesh,Tirupati
28,Andhra Pradesh,Tuni
28,Andhra Pradesh,Uravakonda
28,Andhra Pradesh,Venkatagiri
28,Andhra Pradesh,Vicarabad
28,Andhra Pradesh,Vijayawada
28,Andhra Pradesh,Vinukonda
28,Andhra Pradesh,Visakhapatnam
28,Andhra Pradesh,Vizianagaram
28,Andhra Pradesh,Wanaparthy
28,Andhra Pradesh,Warangal
28,Andhra Pradesh,Yellandu
28,Andhra Pradesh,Yemmiganur
28,Andhra Pradesh,Yerraguntla
28,Andhra Pradesh,Zahirabad
12,Arunachal Pradesh,Along
12,Arunachal Pradesh,Bomdila
12,Arunachal Pradesh,Itanagar
12,Arunachal Pradesh,Naharlagun
12,Arunachal Pradesh,Pasighat
18,Assam,Abhayapuri
18,Assam,Amguri
18,Assam,Anandnagaar
18,Assam,Barpeta
18,Assam,Barpeta Road
18,Assam,Bilasipara
18,Assam,Bongaigaon
18,Assam,Dhekiajuli
18,Assam,Dhubri
18,Assam,Dibrugarh
18,Assam,Digboi
18,Assam,Diphu
18,Assam,Dispur
18,Assam,Gauripur
18,Assam,Goalpara
18,Assam,Golaghat
18,Assam,Guwahati
18,Assam,Haflong
18,Assam,Hailakandi
18,Assam,Hojai
18,Assam,Jorhat
18,Assam,Karimganj
18,Assam,Kokrajhar
18,Assam,Lanka
18,Assam,Lumding
18,Assam,Mangaldoi
18,Assam,Mankachar
18,Assam,Margherita
18,Assam,Mariani
18,Assam,Marigaon
18,Assam,Nagaon
18,Assam,Nalbari
18,Assam,North Lakhimpur
18,Assam,Rangia
18,Assam,Sibsagar
18,Assam,Silapathar
18,Assam,Silchar
18,Assam,Tezpur
18,Assam,Tinsukia
10,Bihar,Amarpur
10,Bihar,Araria
10,Bihar,Areraj
10,Bihar,Arrah
10,Bihar,Asarganj
10,Bihar,Aurangabad
10,Bihar,Bagaha
10,Bihar,Bahadurganj
10,Bihar,Bairgania
10,Bihar,Bakhtiarpur
10,Bihar,Banka
10,Bihar,Banmankhi Bazar
10,Bihar,Barahiya
10,Bihar,Barauli
10,Bihar,Barbigha
10,Bihar,Barh
10,Bihar,Begusarai
10,Bihar,Behea
10,Bihar,Bettiah
10,Bihar,Bhabua
10,Bihar,Bhagalpur
10,Bihar,Bihar Sharif
10,Bihar,Bikramganj
10,Bihar,Bodh Gaya
10,Bihar,Buxar
10,Bihar,Chandan Bara
10,Bihar,Chanpatia
10,Bihar,Chhapra
10,Bihar,Colgong
10,Bihar,Dalsinghsarai
10,Bihar,Darbhanga
10,Bihar,Daudnagar
10,Bihar,Dehri-on-Sone
10,Bihar,Dhaka
10,Bihar,Dighwara
10,Bihar,Dumraon
10,Bihar,Fatwah
10,Bihar,Forbesganj
10,Bihar,Gaya
10,Bihar,Gogri Jamalpur
10,Bihar,Gopalganj
10,Bihar,Hajipur
10,Bihar,Hilsa
10,Bihar,Hisua
10,Bihar,Islampur
10,Bihar,Jagdispur
10,Bihar,Jamalpur
10,Bihar,Jamui
10,Bihar,Jehanabad
10,Bihar,Jhajha
10,Bihar,Jhanjharpur
10,Bihar,Jogabani
10,Bihar,Kanti
10,Bihar,Katihar
10,Bihar,Khagaria
10,Bihar,Kharagpur
10,Bihar,Kishanganj
10,Bihar,Lakhisarai
10,Bihar,Lalganj
10,Bihar,Madhepura
10,Bihar,Madhubani
10,Bihar,Maharajganj
10,Bihar,Mahnar Bazar
10,Bihar,Makhdumpur
10,Bihar,Maner
10,Bihar,Manihari
10,Bihar,Marhaura
10,Bihar,Masaurhi
10,Bihar,Mirganj
10,Bihar,Mokameh
10,Bihar,Motihari
10,Bihar,Motipur
10,Bihar,Munger
10,Bihar,Murliganj
10,Bihar,Muzaffarpur
10,Bihar,Narkatiaganj
10,Bihar,Naugachhia
10,Bihar,Nawada
10,Bihar,Nokha
10,Bihar,Patna
10,Bihar,Piro
10,Bihar,Purnia
10,Bihar,Rafiganj
10,Bihar,Rajgir
10,Bihar,Ramnagar
10,Bihar,Raxaul Bazar
10,Bihar,Revelganj
10,Bihar,Rosera
10,Bihar,Saharsa
10,Bihar,Samastipur
10,Bihar,Sasaram
10,Bihar,Sheikhpura
10,Bihar,Sheohar
10,Bihar,Sherghati
10,Bihar,Silao
10,Bihar,Sitamarhi
10,Bihar,Siwan
10,Bihar,Sonepur
10,Bihar,Sugauli
10,Bihar,Sultanganj
10,Bihar,Supaul
10,Bihar,Warisaliganj
22,Chhattisgarh,Ahiwara
22,Chhattisgarh,Akaltara
22,Chhattisgarh,Ambagarh Chowki
22,Chhattisgarh,Ambikapur
22,Chhattisgarh,Arang
22,Chhattisgarh,Bade Bacheli
22,Chhattisgarh,Balod
22,Chhattisgarh,Baloda Bazar
22,Chhattisgarh,Bemetra
22,Chhattisgarh,Bhatapara
22,Chhattisgarh,Bilaspur
22,Chhattisgarh,Birgaon
22,Chhattisgarh,Champa
22,Chhattisgarh,Chirmiri
22,Chhattisgarh,Dalli-Rajhara
22,Chhattisgarh,Dhamtari
22,Chhattisgarh,Dipka
22,Chhattisgarh,Dongargarh
22,Chhattisgarh,Durg-Bhilai Nagar
22,Chhattisgarh,Gobranawapara
22,Chhattisgarh,Jagdalpur
22,Chhattisgarh,Janjgir
22,Chhattisgarh,Jashpurnagar
22,Chhattisgarh,Kanker
22,Chhattisgarh,Kawardha
22,Chhattisgarh,Kondagaon
22,Chhattisgarh,Korba
22,Chhattisgarh,Mahasamund
22,Chhattisgarh,Mahendragarh
22,Chhattisgarh,Mungeli
22,Chhattisgarh,Naila Janjgir
22,Chhattisgarh,Raigarh
22,Chhattisgarh,Raipur
22,Chhattisgarh,Rajnandgaon
22,Chhattisgarh,Sakti
22,Chhattisgarh,Tilda Newra
38,Dadra and Nagar Haveli and Daman and Diu,Amli
38,Dadra and Nagar Haveli and Daman and Diu,Daman and Diu
38,Dadra and Nagar Haveli and Daman and Diu,Daman and Diu
38,Dadra and Nagar Haveli and Daman and Diu,Silvassa
7,Delhi,Asola
7,Delhi,Delhi
30,Goa,Aldona
30,Goa,Curchorem Cacora
30,Goa,Madgaon
30,Goa,Mapusa
30,Goa,Margao
30,Goa,Marmagao
30,Goa,Panaji
24,Gujarat,Adalaj
24,Gujarat,Adityana
24,Gujarat,Ahmedabad
24,Gujarat,Alang
24,Gujarat,Ambaji
24,Gujarat,Ambaliyasan
24,Gujarat,Amreli
24,Gujarat,Anand
24,Gujarat,Andada
24,Gujarat,Anjar
24,Gujarat,Anklav
24,Gujarat,Ankleshwar
24,Gujarat,Antaliya
24,Gujarat,Arambhada
24,Gujarat,Atul
24,Gujarat,Bharuch
24,Gujarat,Bhavnagar
24,Gujarat,Bhuj
24,Gujarat,Cambay
24,Gujarat,Dahod
24,Gujarat,Deesa
24,Gujarat,Dholka
24,Gujarat,Gandhinagar
24,Gujarat,Godhra
24,Gujarat,Himatnagar
24,Gujarat,Idar
24,Gujarat,Jamnagar
24,Gujarat,Junagadh
24,Gujarat,Kadi
24,Gujarat,Kalavad
24,Gujarat,Kalol
24,Gujarat,Kapadvanj
24,Gujarat,Karjan
24,Gujarat,Keshod
24,Gujarat,Khambhalia
24,Gujarat,Khambhat
24,Gujarat,Kheda
24,Gujarat,Khedbrahma
24,Gujarat,Kheralu
24,Gujarat,Kodinar
24,Gujarat,Lathi
24,Gujarat,Limbdi
24,Gujarat,Lunawada
24,Gujarat,Mahesana
24,Gujarat,Mahuva
24,Gujarat,Manavadar
24,Gujarat,Mandvi
24,Gujarat,Mangrol
24,Gujarat,Mansa
24,Gujarat,Mehmedabad
24,Gujarat,Modasa
24,Gujarat,Morvi
24,Gujarat,Nadiad
24,Gujarat,Navsari
24,Gujarat,Padra
24,Gujarat,Palanpur
24,Gujarat,Palitana
24,Gujarat,Pardi
24,Gujarat,Patan
24,Gujarat,Petlad
24,Gujarat,Porbandar
24,Gujarat,Radhanpur
24,Gujarat,Rajkot
24,Gujarat,Rajpipla
24,Gujarat,Rajula
24,Gujarat,Ranavav
24,Gujarat,Rapar
24,Gujarat,Salaya
24,Gujarat,Sanand
24,Gujarat,Savarkundla
24,Gujarat,Sidhpur
24,Gujarat,Sihor
24,Gujarat,Songadh
24,Gujarat,Surat
24,Gujarat,Talaja
24,Gujarat,Thangadh
24,Gujarat,Tharad
24,Gujarat,Umbergaon
24,Gujarat,Umreth
24,Gujarat,Una
24,Gujarat,Unjha
24,Gujarat,Upleta
24,Gujarat,Vadnagar
24,Gujarat,Vadodara
24,Gujarat,Valsad
24,Gujarat,Vapi
24,Gujarat,Vapi
24,Gujarat,Veraval
24,Gujarat,Vijapur
24,Gujarat,Viramgam
24,Gujarat,Visnagar
24,Gujarat,Vyara
24,Gujarat,Wadhwan
24,Gujarat,Wankaner
6,Haryana,Ambala
6,Haryana,Ambala
6,Haryana,Asankhurd
6,Haryana,Assandh
6,Haryana,Ateli
6,Haryana,Babiyal
6,Haryana,Bahadurgarh
6,Haryana,Ballabhgarh
6,Haryana,Barwala
6,Haryana,Bhiwani
6,Haryana,Charkhi Dadri
6,Haryana,Cheeka
6,Haryana,Ellenabad 2
6,Haryana,Faridabad
6,Haryana,Fatehabad
6,Haryana,Ganaur
6,Haryana,Gharaunda
6,Haryana,Gohana
6,Haryana,Gurgaon
6,Haryana,Haibat(Yamuna Nagar)
6,Haryana,Hansi
6,Haryana,Hisar
6,Haryana,Hodal
6,Haryana,Jhajjar
6,Haryana,Jind
6,Haryana,Kaithal
6,Haryana,Kalan Wali
6,Haryana,Kalka
6,Haryana,Karnal
6,Haryana,Ladwa
6,Haryana,Mahendragarh
6,Haryana,Mandi Dabwali
6,Haryana,Narnaul
6,Haryana,Narwana
6,Haryana,Palwal
6,Haryana,Panchkula
6,Haryana,Panipat
6,Haryana,Pehowa
6,Haryana,Pinjore
6,Haryana,Rania
6,Haryana,Ratia
6,Haryana,Rewari
6,Haryana,Rohtak
6,Haryana,Safidon
6,Haryana,Samalkha
6,Haryana,Shahbad
6,Haryana,Sirsa
6,Haryana,Sohna
6,Haryana,Sonipat
6,Haryana,Taraori
6,Haryana,Thanesar
6,Haryana,Tohana
6,Haryana,Yamunanagar
2,Himachal Pradesh,Arki
2,Himachal Pradesh,Baddi
2,Himachal Pradesh,Bilaspur
2,Himachal Pradesh,Chamba
2,Himachal Pradesh,Dalhousie
2,Himachal Pradesh,Dharamsala
2,Himachal Pradesh,Hamirpur
2,Himachal Pradesh,Mandi
2,Himachal Pradesh,Nahan
2,Himachal Pradesh,Shimla
2,Himachal Pradesh,Solan
2,Himachal Pradesh,Sundarnagar
1,Jammu and Kashmir,Achabbal
1,Jammu and Kashmir,Akhnoor
1,Jammu and Kashmir,Anantnag
1,Jammu and Kashmir,Arnia
1,Jammu and Kashmir,Awantipora
1,Jammu and Kashmir,Bandipore
1,Jammu and Kashmir,Baramula
1,Jammu and Kashmir,Jammu
1,Jammu and Kashmir,Kathua
1,Jammu and Kashmir,Leh
1,Jammu and Kashmir,Punch
1,Jammu and Kashmir,Rajauri
1,Jammu and Kashmir,Sopore
1,Jammu and Kashmir,Srinagar
1,Jammu and Kashmir,Udhampur
20,Jharkhand,Amlabad
20,Jharkhand,Ara
20,Jharkhand,Barughutu
20,Jharkhand,Bokaro Steel City
20,Jharkhand,Chaibasa
20,Jharkhand,Chakradharpur
20,Jharkhand,Chandrapura
20,Jharkhand,Chatra
20,Jharkhand,Chirkunda
20,Jharkhand,Churi
20,Jharkhand,Daltonganj
20,Jharkhand,Deoghar
20,Jharkhand,Dhanbad
20,Jharkhand,Dumka
20,Jharkhand,Garhwa
20,Jharkhand,Ghatshila
20,Jharkhand,Giridih
20,Jharkhand,Godda
20,Jharkhand,Gomoh
20,Jharkhand,Gumia
20,Jharkhand,Gumla
20,Jharkhand,Hazaribag
20,Jharkhand,Hussainabad
20,Jharkhand,Jamshedpur
20,Jharkhand,Jamtara
20,Jharkhand,Jhumri Tilaiya
20,Jharkhand,Khunti
20,Jharkhand,Lohardaga
20,Jharkhand,Madhupur
20,Jharkhand,Mihijam
20,Jharkhand,Musabani
20,Jharkhand,Pakaur
20,Jharkhand,Patratu
20,Jharkhand,Phusro
20,Jharkhand,Ramngarh
20,Jharkhand,Ranchi
20,Jharkhand,Sahibganj
20,Jharkhand,Saunda
20,Jharkhand,Simdega
20,Jharkhand,Tenu Dam-cum- Kathhara
29,Karnataka,Arasikere
29,Karnataka,Bangalore
29,Karnataka,Belgaum
29,Karnataka,Bellary
29,Karnataka,Chamrajnagar
29,Karnataka,Chikkaballapur
29,Karnataka,Chikmagalur
29,Karnataka,Chintamani
29,Karnataka,Chitradurga
29,Karnataka,Davanagere
29,Karnataka,Dharwad
29,Karnataka,Gadag
29,Karnataka,Gulbarga
29,Karnataka,Gundlupet
29,Karnataka,Hassan
29,Karnataka,Hospet
29,Karnataka,Hubli
29,Karnataka,Karkala
29,Karnataka,Karwar
29,Karnataka,Kolar
29,Karnataka,Kota
29,Karnataka,Lakshmeshwar
29,Karnataka,Lingsugur
29,Karnataka,Maddur
29,Karnataka,Madhugiri
29,Karnataka,Madikeri
29,Karnataka,Magadi
29,Karnataka,Mahalingpur
29,Karnataka,Malavalli
29,Karnataka,Malur
29,Karnataka,Mandya
29,Karnataka,Mangalore
29,Karnataka,Manvi
29,Karnataka,Mudalgi
29,Karnataka,Mudbidri
29,Karnataka,Muddebihal
29,Karnataka,Mudhol
29,Karnataka,Mulbagal
29,Karnataka,Mundargi
29,Karnataka,Mysore
29,Karnataka,Nanjangud
29,Karnataka,Pavagada
29,Karnataka,Puttur
29,Karnataka,Rabkavi Banhatti
29,Karnataka,Raichur
29,Karnataka,Ramanagaram
29,Karnataka,Ramdurg
29,Karnataka,Ranibennur
29,Karnataka,Robertson Pet
29,Karnataka,Ron
29,Karnataka,Sadalgi
29,Karnataka,Sagar
29,Karnataka,Sakleshpur
29,Karnataka,Sandur
29,Karnataka,Sankeshwar
29,Karnataka,Saundatti-Yellamma
29,Karnataka,Savanur
29,Karnataka,Sedam
29,Karnataka,Shahabad
29,Karnataka,Shahpur
29,Karnataka,Shiggaon
29,Karnataka,Shikapur
29,Karnataka,Shimoga
29,Karnataka,Shorapur
29,Karnataka,Shrirangapattana
29,Karnataka,Sidlaghatta
29,Karnataka,Sindgi
29,Karnataka,Sindhnur
29,Karnataka,Sira
29,Karnataka,Sirsi
29,Karnataka,Siruguppa
29,Karnataka,Srinivaspur
29,Karnataka,Talikota
29,Karnataka,Tarikere
29,Karnataka,Tekkalakota
29,Karnataka,Terdal
29,Karnataka,Tiptur
29,Karnataka,Tumkur
29,Karnataka,Udupi
29,Karnataka,Vijayapura
29,Karnataka,Wadi
29,Karnataka,Yadgir
32,Kerala,Adoor
32,Kerala,Akathiyoor
32,Kerala,Alappuzha
32,Kerala,Ancharakandy
32,Kerala,Aroor
32,Kerala,Ashtamichira
32,Kerala,Attingal
32,Kerala,Avinissery
32,Kerala,Chalakudy
32,Kerala,Changanassery
32,Kerala,Chendamangalam
32,Kerala,Chengannur
32,Kerala,Cherthala
32,Kerala,Cheruthazham
32,Kerala,Chittur-Thathamangalam
32,Kerala,Chockli
32,Kerala,Erattupetta
32,Kerala,Guruvayoor
32,Kerala,Irinjalakuda
32,Kerala,Kadirur
32,Kerala,Kalliasseri
32,Kerala,Kalpetta
32,Kerala,Kanhangad
32,Kerala,Kanjikkuzhi
32,Kerala,Kannur
32,Kerala,Kasaragod
32,Kerala,Kayamkulam
32,Kerala,Kochi
32,Kerala,Kodungallur
32,Kerala,Kollam
32,Kerala,Koothuparamba
32,Kerala,Kothamangalam
32,Kerala,Kottayam
32,Kerala,Kozhikode
32,Kerala,Kunnamkulam
32,Kerala,Malappuram
32,Kerala,Mattannur
32,Kerala,Mavelikkara
32,Kerala,Mavoor
32,Kerala,Muvattupuzha
32,Kerala,Nedumangad
32,Kerala,Neyyattinkara
32,Kerala,Ottappalam
32,Kerala,Palai
32,Kerala,Palakkad
32,Kerala,Panniyannur
32,Kerala,Pappinisseri
32,Kerala,Paravoor
32,Kerala,Pathanamthitta
32,Kerala,Payyannur
32,Kerala,Peringathur
32,Kerala,Perinthalmanna
32,Kerala,Perumbavoor
32,Kerala,Ponnani
32,Kerala,Punalur
32,Kerala,Quilandy
32,Kerala,Shoranur
32,Kerala,Taliparamba
32,Kerala,Thiruvalla
32,Kerala,Thiruvananthapuram
32,Kerala,Thodupuzha
32,Kerala,Thrissur
32,Kerala,Tirur
32,Kerala,Vadakara
32,Kerala,Vaikom
32,Kerala,Varkala
31,Lakshadweep,Kavaratti
23,Madhya Pradesh,Ashok Nagar
23,Madhya Pradesh,Balaghat
23,Madhya Pradesh,Betul
23,Madhya Pradesh,Bhopal
23,Madhya Pradesh,Burhanpur
23,Madhya Pradesh,Chhatarpur
23,Madhya Pradesh,Dabra
23,Madhya Pradesh,Datia
23,Madhya Pradesh,Dewas
23,Madhya Pradesh,Dhar
23,Madhya Pradesh,Fatehabad
23,Madhya Pradesh,Gwalior
23,Madhya Pradesh,Indore
23,Madhya Pradesh,Itarsi
23,Madhya Pradesh,Jabalpur
23,Madhya Pradesh,Katni
23,Madhya Pradesh,Kotma
23,Madhya Pradesh,Lahar
23,Madhya Pradesh,Lundi
23,Madhya Pradesh,Maharajpur
23,Madhya Pradesh,Mahidpur
23,Madhya Pradesh,Maihar
23,Madhya Pradesh,Malajkhand
23,Madhya Pradesh,Manasa
23,Madhya Pradesh,Manawar
23,Madhya Pradesh,Mandideep
23,Madhya Pradesh,Mandla
23,Madhya Pradesh,Mandsaur
23,Madhya Pradesh,Mauganj
23,Madhya Pradesh,Mhow Cantonment
23,Madhya Pradesh,Mhowgaon
23,Madhya Pradesh,Morena
23,Madhya Pradesh,Multai
23,Madhya Pradesh,Murwara
23,Madhya Pradesh,Nagda
23,Madhya Pradesh,Nainpur
23,Madhya Pradesh,Narsinghgarh
23,Madhya Pradesh,Narsinghgarh
23,Madhya Pradesh,Neemuch
23,Madhya Pradesh,Nepanagar
23,Madhya Pradesh,Niwari
23,Madhya Pradesh,Nowgong
23,Madhya Pradesh,Nowrozabad
23,Madhya Pradesh,Pachore
23,Madhya Pradesh,Pali
23,Madhya Pradesh,Panagar
23,Madhya Pradesh,Pandhurna
23,Madhya Pradesh,Panna
23,Madhya Pradesh,Pasan
23,Madhya Pradesh,Pipariya
23,Madhya Pradesh,Pithampur
23,Madhya Pradesh,Porsa
23,Madhya Pradesh,Prithvipur
23,Madhya Pradesh,Raghogarh-Vijaypur
23,Madhya Pradesh,Rahatgarh
23,Madhya Pradesh,Raisen
23,Madhya Pradesh,Rajgarh
23,Madhya Pradesh,Ratlam
23,Madhya Pradesh,Rau
23,Madhya Pradesh,Rehli
23,Madhya Pradesh,Rewa
23,Madhya Pradesh,Sabalgarh
23,Madhya Pradesh,Sagar
23,Madhya Pradesh,Sanawad
23,Madhya Pradesh,Sarangpur
23,Madhya Pradesh,Sarni
23,Madhya Pradesh,Satna
23,Madhya Pradesh,Sausar
23,Madhya Pradesh,Sehore
23,Madhya Pradesh,Sendhwa
23,Madhya Pradesh,Seoni
23,Madhya Pradesh,Seoni-Malwa
23,Madhya Pradesh,Shahdol
23,Madhya Pradesh,Shajapur
23,Madhya Pradesh,Shamgarh
23,Madhya Pradesh,Sheopur
23,Madhya Pradesh,Shivpuri
23,Madhya Pradesh,Shujalpur
23,Madhya Pradesh,Sidhi
23,Madhya Pradesh,Sihora
23,Madhya Pradesh,Singrauli
23,Madhya Pradesh,Sironj
23,Madhya Pradesh,Sohagpur
23,Madhya Pradesh,Tarana
23,Madhya Pradesh,Tikamgarh
23,Madhya Pradesh,Ujhani
23,Madhya Pradesh,Ujjain
23,Madhya Pradesh,Umaria
23,Madhya Pradesh,Vidisha
23,Madhya Pradesh,Wara Seoni
27,Maharashtra,Ahmednagar
27,Maharashtra,Akola
27,Maharashtra,Amravati
27,Maharashtra,Aurangabad
27,Maharashtra,Baramati
27,Maharashtra,Chalisgaon
27,Maharashtra,Chinchani
27,Maharashtra,Devgarh
27,Maharashtra,Dhule
27,Maharashtra,Dombivli
27,Maharashtra,Durgapur
27,Maharashtra,Ichalkaranji
27,Maharashtra,Jalna
27,Maharashtra,Kalyan
27,Maharashtra,Kolhapur
27,Maharashtra,Latur
27,Maharashtra,Loha
27,Maharashtra,Lonar
27,Maharashtra,Lonavla
27,Maharashtra,Mahad
27,Maharashtra,Mahuli
27,Maharashtra,Malegaon
27,Maharashtra,Malkapur
27,Maharashtra,Manchar
27,Maharashtra,Mangalvedhe
27,Maharashtra,Mangrulpir
27,Maharashtra,Manjlegaon
27,Maharashtra,Manmad
27,Maharashtra,Manwath
27,Maharashtra,Mehkar
27,Maharashtra,Mhaswad
27,Maharashtra,Miraj
27,Maharashtra,Morshi
27,Maharashtra,Mukhed
27,Maharashtra,Mul
27,Maharashtra,Mumbai
27,Maharashtra,Murtijapur
27,Maharashtra,Nagpur
27,Maharashtra,Nalasopara
27,Maharashtra,Nanded-Waghala
27,Maharashtra,Nandgaon
27,Maharashtra,Nandura
27,Maharashtra,Nandurbar
27,Maharashtra,Narkhed
27,Maharashtra,Nashik
27,Maharashtra,Navi Mumbai
27,Maharashtra,Nawapur
27,Maharashtra,Nilanga
27,Maharashtra,Osmanabad
27,Maharashtra,Ozar
27,Maharashtra,Pachora
27,Maharashtra,Paithan
27,Maharashtra,Palghar
27,Maharashtra,Pandharkaoda
27,Maharashtra,Pandharpur
27,Maharashtra,Panvel
27,Maharashtra,Parbhani
27,Maharashtra,Parli
27,Maharashtra,Parola
27,Maharashtra,Partur
27,Maharashtra,Pathardi
27,Maharashtra,Pathri
27,Maharashtra,Patur
27,Maharashtra,Pauni
27,Maharashtra,Pen
27,Maharashtra,Phaltan
27,Maharashtra,Pulgaon
27,Maharashtra,Pune
27,Maharashtra,Purna
27,Maharashtra,Pusad
27,Maharashtra,Rahuri
27,Maharashtra,Rajura
27,Maharashtra,Ramtek
27,Maharashtra,Ratnagiri
27,Maharashtra,Raver
27,Maharashtra,Risod
27,Maharashtra,Sailu
27,Maharashtra,Sangamner
27,Maharashtra,Sangli
27,Maharashtra,Sangole
27,Maharashtra,Sasvad
27,Maharashtra,Satana
27,Maharashtra,Satara
27,Maharashtra,Savner
27,Maharashtra,Sawantwadi
27,Maharashtra,Shahade
27,Maharashtra,Shegaon
27,Maharashtra,Shendurjana
27,Maharashtra,Shirdi
27,Maharashtra,Shirpur-Warwade
27,Maharashtra,Shirur
27,Maharashtra,Shrigonda
27,Maharashtra,Shrirampur
27,Maharashtra,Sillod
27,Maharashtra,Sinnar
27,Maharashtra,Solapur
27,Maharashtra,Soyagaon
27,Maharashtra,Talegaon Dabhade
27,Maharashtra,Talode
27,Maharashtra,Tasgaon
27,Maharashtra,Tirora
27,Maharashtra,Tuljapur
27,Maharashtra,Tumsar
27,Maharashtra,Uchgaon
27,Maharashtra,Udgir
27,Maharashtra,Umarga
27,Maharashtra,Umarkhed
27,Maharashtra,Umred
27,Maharashtra,Uran
27,Maharashtra,Uran Islampur
27,Maharashtra,Vadgaon Kasba
27,Maharashtra,Vaijapur
27,Maharashtra,Vasai
27,Maharashtra,Virar
27,Maharashtra,Vita
27,Maharashtra,Wadgaon Road
27,Maharashtra,Wai
27,Maharashtra,Wani
27,Maharashtra,Wardha
27,Maharashtra,Warora
27,Maharashtra,Warud
27,Maharashtra,Washim
27,Maharashtra,Yavatmal
27,Maharashtra,Yawal
27,Maharashtra,Yevla
14,Manipur,Imphal
14,Manipur,Kakching
14,Manipur,Lilong
14,Manipur,Mayang Imphal
14,Manipur,Thoubal
17,Meghalaya,Jowai
17,Meghalaya,Nongstoin
17,Meghalaya,Shillong
17,Meghalaya,Tura
15,Mizoram,Aizawl
15,Mizoram,Champhai
15,Mizoram,Lunglei
15,Mizoram,Saiha
13,Nagaland,Dimapur
13,Nagaland,Kohima
13,Nagaland,Mokokchung
13,Nagaland,Tuensang
13,Nagaland,Wokha
13,Nagaland,Zunheboto
21,Odisha,Anandapur
21,Odisha,Anugul
21,Odisha,Asika
21,Odisha,Balangir
21,Odisha,Balasore
21,Odisha,Baleshwar
21,Odisha,Bamra
21,Odisha,Barbil
21,Odisha,Bargarh
21,Odisha,Bargarh
21,Odisha,Baripada
21,Odisha,Basudebpur
21,Odisha,Belpahar
21,Odisha,Bhadrak
21,Odisha,Bhawanipatna
21,Odisha,Bhuban
21,Odisha,Bhubaneswar
21,Odisha,Biramitrapur
21,Odisha,Brahmapur
21,Odisha,Brajrajnagar
21,Odisha,Byasanagar
21,Odisha,Cuttack
21,Odisha,Debagarh
21,Odisha,Dhenkanal
21,Odisha,Gunupur
21,Odisha,Hinjilicut
21,Odisha,Jagatsinghapur
21,Odisha,Jajapur
21,Odisha,Jaleswar
21,Odisha,Jatani
21,Odisha,Jeypur
21,Odisha,Jharsuguda
21,Odisha,Joda
21,Odisha,Kantabanji
21,Odisha,Karanjia
21,Odisha,Kendrapara
21,Odisha,Kendujhar
21,Odisha,Khordha
21,Odisha,Koraput
21,Odisha,Malkangiri
21,Odisha,Nabarangapur
21,Odisha,Paradip
21,Odisha,Parlakhemundi
21,Odisha,Pattamundai
21,Odisha,Phulabani
21,Odisha,Puri
21,Odisha,Rairangpur
21,Odisha,Rajagangapur
21,Odisha,Raurkela
21,Odisha,Rayagada
21,Odisha,Sambalpur
21,Odisha,Soro
21,Odisha,Sunabeda
21,Odisha,Sundargarh
21,Odisha,Talcher
21,Odisha,Titlagarh
21,Odisha,Umarkote
34,Puducherry,Karaikal
34,Puducherry,Mahe
34,Puducherry,Pondicherry
34,Puducherry,Yanam
3,Punjab,Ahmedgarh
3,Punjab,Amritsar
3,Punjab,Barnala
3,Punjab,Batala
3,Punjab,Bathinda
3,Punjab,Bhagha Purana
3,Punjab,Budhlada
3,Punjab,Chandigarh
3,Punjab,Dasua
3,Punjab,Dhuri
3,Punjab,Dinanagar
3,Punjab,Faridkot
3,Punjab,Fazilka
3,Punjab,Firozpur
3,Punjab,Firozpur Cantt.
3,Punjab,Giddarbaha
3,Punjab,Gobindgarh
3,Punjab,Gurdaspur
3,Punjab,Hoshiarpur
3,Punjab,Jagraon
3,Punjab,Jaitu
3,Punjab,Jalalabad
3,Punjab,Jalandhar
3,Punjab,Jalandhar Cantt.
3,Punjab,Jandiala
3,Punjab,Kapurthala
3,Punjab,Karoran
3,Punjab,Kartarpur
3,Punjab,Khanna
3,Punjab,Kharar
3,Punjab,Kot Kapura
3,Punjab,Kurali
3,Punjab,Longowal
3,Punjab,Ludhiana
3,Punjab,Malerkotla
3,Punjab,Malout
3,Punjab,Mansa
3,Punjab,Maur
3,Punjab,Moga
3,Punjab,Mohali
3,Punjab,Morinda
3,Punjab,Mukerian
3,Punjab,Muktsar
3,Punjab,Nabha
3,Punjab,Nakodar
3,Punjab,Nangal
3,Punjab,Nawanshahr
3,Punjab,Pathankot
3,Punjab,Patiala
3,Punjab,Patran
3,Punjab,Patti
3,Punjab,Phagwara
3,Punjab,Phillaur
3,Punjab,Qadian
3,Punjab,Raikot
3,Punjab,Rajpura
3,Punjab,Rampura Phul
3,Punjab,Rupnagar
3,Punjab,Samana
3,Punjab,Sangrur
3,Punjab,Sirhind Fatehgarh Sahib
3,Punjab,Sujanpur
3,Punjab,Sunam
3,Punjab,Talwara
3,Punjab,Tarn Taran
3,Punjab,Urmar Tanda
3,Punjab,Zira
3,Punjab,Zirakpur
8,Rajasthan,Ajmer
8,Rajasthan,Alwar
8,Rajasthan,Bali
8,Rajasthan,Bandikui
8,Rajasthan,Banswara
8,Rajasthan,Baran
8,Rajasthan,Barmer
8,Rajasthan,Bikaner
8,Rajasthan,Fatehpur
8,Rajasthan,Jaipur
8,Rajasthan,Jaisalmer
8,Rajasthan,Jodhpur
8,Rajasthan,Kota
8,Rajasthan,Lachhmangarh
8,Rajasthan,Ladnu
8,Rajasthan,Lakheri
8,Rajasthan,Lalsot
8,Rajasthan,Losal
8,Rajasthan,Makrana
8,Rajasthan,Malpura
8,Rajasthan,Mandalgarh
8,Rajasthan,Mandawa
8,Rajasthan,Mangrol
8,Rajasthan,Merta City
8,Rajasthan,Mount Abu
8,Rajasthan,Nadbai
8,Rajasthan,Nagar
8,Rajasthan,Nagaur
8,Rajasthan,Nargund
8,Rajasthan,Nasirabad
8,Rajasthan,Nathdwara
8,Rajasthan,Navalgund
8,Rajasthan,Nawalgarh
8,Rajasthan,Neem-Ka-Thana
8,Rajasthan,Nelamangala
8,Rajasthan,Nimbahera
8,Rajasthan,Nipani
8,Rajasthan,Niwai
8,Rajasthan,Nohar
8,Rajasthan,Nokha
8,Rajasthan,Pali
8,Rajasthan,Phalodi
8,Rajasthan,Phulera
8,Rajasthan,Pilani
8,Rajasthan,Pilibanga
8,Rajasthan,Pindwara
8,Rajasthan,Pipar City
8,Rajasthan,Prantij
8,Rajasthan,Pratapgarh
8,Rajasthan,Raisinghnagar
8,Rajasthan,Rajakhera
8,Rajasthan,Rajaldesar
8,Rajasthan,Rajgarh (Alwar)
8,Rajasthan,Rajgarh (Churu
8,Rajasthan,Rajsamand
8,Rajasthan,Ramganj Mandi
8,Rajasthan,Ramngarh
8,Rajasthan,Ratangarh
8,Rajasthan,Rawatbhata
8,Rajasthan,Rawatsar
8,Rajasthan,Reengus
8,Rajasthan,Sadri
8,Rajasthan,Sadulshahar
8,Rajasthan,Sagwara
8,Rajasthan,Sambhar
8,Rajasthan,Sanchore
8,Rajasthan,Sangaria
8,Rajasthan,Sardarshahar
8,Rajasthan,Sawai Madhopur
8,Rajasthan,Shahpura
8,Rajasthan,Shahpura
8,Rajasthan,Sheoganj
8,Rajasthan,Sikar
8,Rajasthan,Sirohi
8,Rajasthan,Sojat
8,Rajasthan,Sri Madhopur
8,Rajasthan,Sujangarh
8,Rajasthan,Sumerpur
8,Rajasthan,Suratgarh
8,Rajasthan,Taranagar
8,Rajasthan,Todabhim
8,Rajasthan,Todaraisingh
8,Rajasthan,Tonk
8,Rajasthan,Udaipur
8,Rajasthan,Udaipurwati
8,Rajasthan,Vijainagar
11,Sikkim,Gangtok
33,Tamil Nadu,Arakkonam
33,Tamil Nadu,Arcot
33,Tamil Nadu,Aruppukkottai
33,Tamil Nadu,Bhavani
33,Tamil Nadu,Chengalpattu
33,Tamil Nadu,Chennai
33,Tamil Nadu,Chennai
33,Tamil Nadu,Chinna salem
33,Tamil Nadu,Coimbatore
33,Tamil Nadu,Coimbatore
33,Tamil Nadu,Coonoor
33,Tamil Nadu,Cuddalore
33,Tamil Nadu,Dharmapuri
33,Tamil Nadu,Dindigul
33,Tamil Nadu,Erode
33,Tamil Nadu,Gudalur
33,Tamil Nadu,Gudalur
33,Tamil Nadu,Gudalur
33,Tamil Nadu,Kanchipuram
33,Tamil Nadu,Karaikudi
33,Tamil Nadu,Karungal
33,Tamil Nadu,Karur
33,Tamil Nadu,Kollankodu
33,Tamil Nadu,Lalgudi
33,Tamil Nadu,Madurai
33,Tamil Nadu,Nagapattinam
33,Tamil Nadu,Nagercoil
33,Tamil Nadu,Namagiripettai
33,Tamil Nadu,Namakkal
33,Tamil Nadu,Nandivaram-Guduvancheri
33,Tamil Nadu,Nanjikottai
33,Tamil Nadu,Natham
33,Tamil Nadu,Nellikuppam
33,Tamil Nadu,Neyveli
33,Tamil Nadu,Oddanchatram
33,Tamil Nadu,P.N.Patti
33,Tamil Nadu,Pacode
33,Tamil Nadu,Padmanabhapuram
33,Tamil Nadu,Palani
33,Tamil Nadu,Palladam
33,Tamil Nadu,Pallapatti
33,Tamil Nadu,Pallikonda
33,Tamil Nadu,Panagudi
33,Tamil Nadu,Panruti
33,Tamil Nadu,Paramakudi
33,Tamil Nadu,Parangipettai
33,Tamil Nadu,Pattukkottai
33,Tamil Nadu,Perambalur
33,Tamil Nadu,Peravurani
33,Tamil Nadu,Periyakulam
33,Tamil Nadu,Periyasemur
33,Tamil Nadu,Pernampattu
33,Tamil Nadu,Pollachi
33,Tamil Nadu,Polur
33,Tamil Nadu,Ponneri
33,Tamil Nadu,Pudukkottai
33,Tamil Nadu,Pudupattinam
33,Tamil Nadu,Puliyankudi
33,Tamil Nadu,Punjaipugalur
33,Tamil Nadu,Rajapalayam
33,Tamil Nadu,Ramanathapuram
33,Tamil Nadu,Rameshwaram
33,Tamil Nadu,Rasipuram
33,Tamil Nadu,Salem
33,Tamil Nadu,Sankarankoil
33,Tamil Nadu,Sankari
33,Tamil Nadu,Sathyamangalam
33,Tamil Nadu,Sattur
33,Tamil Nadu,Shenkottai
33,Tamil Nadu,Sholavandan
33,Tamil Nadu,Sholingur
33,Tamil Nadu,Sirkali
33,Tamil Nadu,Sivaganga
33,Tamil Nadu,Sivagiri
33,Tamil Nadu,Sivakasi
33,Tamil Nadu,Srivilliputhur
33,Tamil Nadu,Surandai
33,Tamil Nadu,Suriyampalayam
33,Tamil Nadu,Tenkasi
33,Tamil Nadu,Thammampatti
33,Tamil Nadu,Thanjavur
33,Tamil Nadu,Tharamangalam
33,Tamil Nadu,Tharangambadi
33,Tamil Nadu,Theni Allinagaram
33,Tamil Nadu,Thirumangalam
33,Tamil Nadu,Thirunindravur
33,Tamil Nadu,Thiruparappu
33,Tamil Nadu,Thirupuvanam
33,Tamil Nadu,Thiruthuraipoondi
33,Tamil Nadu,Thiruvallur
33,Tamil Nadu,Thiruvarur
33,Tamil Nadu,Thoothukudi
33,Tamil Nadu,Thuraiyur
33,Tamil Nadu,Tindivanam
33,Tamil Nadu,Tiruchendur
33,Tamil Nadu,Tiruchengode
33,Tamil Nadu,Tiruchirappalli
33,Tamil Nadu,Tirukalukundram
33,Tamil Nadu,Tirukkoyilur
33,Tamil Nadu,Tirunelveli
33,Tamil Nadu,Tirupathur
33,Tamil Nadu,Tirupathur
33,Tamil Nadu,Tiruppur
33,Tamil Nadu,Tiruttani
33,Tamil Nadu,Tiruvannamalai
33,Tamil Nadu,Tiruvethipuram
33,Tamil Nadu,Tittakudi
33,Tamil Nadu,Udhagamandalam
33,Tamil Nadu,Udumalaipettai
33,Tamil Nadu,Unnamalaikadai
33,Tamil Nadu,Usilampatti
33,Tamil Nadu,Uthamapalayam
33,Tamil Nadu,Uthiramerur
33,Tamil Nadu,Vadakkuvalliyur
33,Tamil Nadu,Vadalur
33,Tamil Nadu,Vadipatti
33,Tamil Nadu,Valparai
33,Tamil Nadu,Vandavasi
33,Tamil Nadu,Vaniyambadi
33,Tamil Nadu,Vedaranyam
33,Tamil Nadu,Vellakoil
33,Tamil Nadu,Vellore
33,Tamil Nadu,Vikramasingapuram
33,Tamil Nadu,Viluppuram
33,Tamil Nadu,Virudhachalam
33,Tamil Nadu,Virudhunagar
33,Tamil Nadu,Viswanatham
16,Tripura,Agartala
16,Tripura,Badharghat
16,Tripura,Dharmanagar
16,Tripura,Indranagar
16,Tripura,Jogendranagar
16,Tripura,Kailasahar
16,Tripura,Khowai
16,Tripura,Pratapgarh
16,Tripura,Udaipur
9,Uttar Pradesh,Achhnera
9,Uttar Pradesh,Adari
9,Uttar Pradesh,Agra
9,Uttar Pradesh,Aligarh
9,Uttar Pradesh,Allahabad
9,Uttar Pradesh,Amroha
9,Uttar Pradesh,Azamgarh
9,Uttar Pradesh,Bahraich
9,Uttar Pradesh,Ballia
9,Uttar Pradesh,Balrampur
9,Uttar Pradesh,Banda
9,Uttar Pradesh,Bareilly
9,Uttar Pradesh,Chandausi
9,Uttar Pradesh,Dadri
9,Uttar Pradesh,Deoria
9,Uttar Pradesh,Etawah
9,Uttar Pradesh,Fatehabad
9,Uttar Pradesh,Fatehpur
9,Uttar Pradesh,Fatehpur
9,Uttar Pradesh,Greater Noida
9,Uttar Pradesh,Hamirpur
9,Uttar Pradesh,Hardoi
9,Uttar Pradesh,Jajmau
9,Uttar Pradesh,Jaunpur
9,Uttar Pradesh,Jhansi
9,Uttar Pradesh,Kalpi
9,Uttar Pradesh,Kanpur
9,Uttar Pradesh,Kota
9,Uttar Pradesh,Laharpur
9,Uttar Pradesh,Lakhimpur
9,Uttar Pradesh,Lal Gopalganj Nindaura
9,Uttar Pradesh,Lalganj
9,Uttar Pradesh,Lalitpur
9,Uttar Pradesh,Lar
9,Uttar Pradesh,Loni
9,Uttar Pradesh,Lucknow
9,Uttar Pradesh,Mathura
9,Uttar Pradesh,Meerut
9,Uttar Pradesh,Modinagar
9,Uttar Pradesh,Muradnagar
9,Uttar Pradesh,Muzaffarnagar
9,Uttar Pradesh,NOIDA
9,Uttar Pradesh,Nagina
9,Uttar Pradesh,Najibabad
9,Uttar Pradesh,Nakur
9,Uttar Pradesh,Nanpara
9,Uttar Pradesh,Naraura
9,Uttar Pradesh,Naugawan Sadat
9,Uttar Pradesh,Nautanwa
9,Uttar Pradesh,Nawabganj
9,Uttar Pradesh,Nehtaur
9,Uttar Pradesh,Noorpur
9,Uttar Pradesh,Obra
9,Uttar Pradesh,Orai
9,Uttar Pradesh,Padrauna
9,Uttar Pradesh,Palia Kalan
9,Uttar Pradesh,Parasi
9,Uttar Pradesh,Phulpur
9,Uttar Pradesh,Pihani
9,Uttar Pradesh,Pilibhit
9,Uttar Pradesh,Pilkhuwa
9,Uttar Pradesh,Powayan
9,Uttar Pradesh,Pukhrayan
9,Uttar Pradesh,Puranpur
9,Uttar Pradesh,Purquazi
9,Uttar Pradesh,Purwa
9,Uttar Pradesh,Rae Bareli
9,Uttar Pradesh,Rampur
9,Uttar Pradesh,Rampur Maniharan
9,Uttar Pradesh,Rasra
9,Uttar Pradesh,Rath
9,Uttar Pradesh,Renukoot
9,Uttar Pradesh,Reoti
9,Uttar Pradesh,Robertsganj
9,Uttar Pradesh,Rudauli
9,Uttar Pradesh,Rudrapur
9,Uttar Pradesh,Sadabad
9,Uttar Pradesh,Safipur
9,Uttar Pradesh,Saharanpur
9,Uttar Pradesh,Sahaspur
9,Uttar Pradesh,Sahaswan
9,Uttar Pradesh,Sahawar
9,Uttar Pradesh,Sahjanwa
9,Uttar Pradesh,Sambhal
9,Uttar Pradesh,Samdhan
9,Uttar Pradesh,Samthar
9,Uttar Pradesh,Sandi
9,Uttar Pradesh,Sandila
9,Uttar Pradesh,Sardhana
9,Uttar Pradesh,Seohara
9,Uttar Pradesh,Shahganj
9,Uttar Pradesh,Shahjahanpur
9,Uttar Pradesh,Shamli
9,Uttar Pradesh,Sherkot
9,Uttar Pradesh,Shikohabad
9,Uttar Pradesh,Shishgarh
9,Uttar Pradesh,Siana
9,Uttar Pradesh,Sikanderpur
9,Uttar Pradesh,Sikandra Rao
9,Uttar Pradesh,Sikandrabad
9,Uttar Pradesh,Sirsaganj
9,Uttar Pradesh,Sirsi
9,Uttar Pradesh,Sitapur
9,Uttar Pradesh,Soron
9,Uttar Pradesh,Suar
9,Uttar Pradesh,Sultanpur
9,Uttar Pradesh,Sumerpur
9,Uttar Pradesh,Tanda
9,Uttar Pradesh,Tanda
9,Uttar Pradesh,Tetri Bazar
9,Uttar Pradesh,Thakurdwara
9,Uttar Pradesh,Thana Bhawan
9,Uttar Pradesh,Tilhar
9,Uttar Pradesh,Tirwaganj
9,Uttar Pradesh,Tulsipur
9,Uttar Pradesh,Tundla
9,Uttar Pradesh,Unnao
9,Uttar Pradesh,Utraula
9,Uttar Pradesh,Varanasi
9,Uttar Pradesh,Vrindavan
9,Uttar Pradesh,Warhapur
9,Uttar Pradesh,Zaidpur
9,Uttar Pradesh,Zamania
5,Uttarakhand,Almora
5,Uttarakhand,Bazpur
5,Uttarakhand,Chamba
5,Uttarakhand,Dehradun
5,Uttarakhand,Haldwani
5,Uttarakhand,Haridwar
5,Uttarakhand,Jaspur
5,Uttarakhand,Kashipur
5,Uttarakhand,Kotdwara
5,Uttarakhand,Manglaur
5,Uttarakhand,Mussoorie
5,Uttarakhand,Nagla
5,Uttarakhand,Nainital
5,Uttarakhand,Pauri
5,Uttarakhand,Pithoragarh
5,Uttarakhand,Ramnagar
5,Uttarakhand,Rishikesh
5,Uttarakhand,Roorkee
5,Uttarakhand,Rudrapur
5,Uttarakhand,Sitarganj
5,Uttarakhand,Tehri
5,Uttarakhand,kichha
19,West Bengal,Alipurduar
19,West Bengal,Arambagh
19,West Bengal,Asansol
19,West Bengal,Baharampur
19,West Bengal,Bally
19,West Bengal,Balurghat
19,West Bengal,Bankura
19,West Bengal,Barakar
19,West Bengal,Barasat
19,West Bengal,Bardhaman
19,West Bengal,Bidhan Nagar
19,West Bengal,Calcutta
19,West Bengal,Chinsura
19,West Bengal,Contai
19,West Bengal,Cooch Behar
19,West Bengal,Darjeeling
19,West Bengal,Durgapur
19,West Bengal,Haldia
19,West Bengal,Howrah
19,West Bengal,Islampur
19,West Bengal,Jhargram
19,West Bengal,Kharagpur
19,West Bengal,Kolkata
19,West Bengal,Mainaguri
19,West Bengal,Mal
19,West Bengal,Mathabhanga
19,West Bengal,Medinipur
19,West Bengal,Memari
19,West Bengal,Monoharpur
19,West Bengal,Murshidabad
19,West Bengal,Nabadwip
19,West Bengal,Naihati
19,West Bengal,Panchla
19,West Bengal,Pandua
19,West Bengal,Paschim Punropara
19,West Bengal,Purulia
19,West Bengal,Raghunathpur
19,West Bengal,Raiganj
19,West Bengal,Rampurhat
19,West Bengal,Ranaghat
19,West Bengal,Sainthia
19,West Bengal,Santipur
19,West Bengal,Siliguri
19,West Bengal,Sonamukhi
19,West Bengal,Srirampore
19,West Bengal,Suri
19,West Bengal,Taki
19,West Bengal,Tamluk
19,West Bengal,Tarakeswar
