source_pdf,city_folder,total_pages,ocr_pages_processed,rows_extracted,status,error_message,needs_manual_review
/Users/naazparveen/Desktop/Swaasth/backend/data/CGHS costs/Ahmedabad/17062025123259_CGHS Rates 2024 Ahmedabad.pdf,Ahmedabad,75,75,634,partial_success,544/634 rows flagged for manual review,True
/Users/naazparveen/Desktop/Swaasth/backend/data/CGHS costs/Allahabad and Prayagraj and Varanasi/17062025125611_CGHS Rates 2014 Allahabad.pdf,Allahabad and Prayagraj and Varanasi,55,55,248,partial_success,227/248 rows flagged for manual review,True
/Users/naazparveen/Desktop/Swaasth/backend/data/CGHS costs/Allahabad and Prayagraj and Varanasi/17062025130757_Revision of CGHS rates for Cardiology procedures PET CT scan and inclusion of 2 new procedures regd ( 19 and 21 December 2023).pdf,Allahabad and Prayagraj and Varanasi,9,9,107,partial_success,90/107 rows flagged for manual review,True
/Users/naazparveen/Desktop/Swaasth/backend/data/CGHS costs/Bengaluru/17062025131439_CGHS Rates 2024 Banglore.pdf,Bengaluru,124,79,559,partial_success,477/559 rows flagged for manual review,True
/Users/naazparveen/Desktop/Swaasth/backend/data/CGHS costs/Bengaluru/19062025172723_Revision of CGHS rates for Cardiology procedures  PET-CT scan and inclusion of 2 new procedures regd ( 19 and 21 December 2023).pdf,Bengaluru,9,9,106,partial_success,89/106 rows flagged for manual review,True
/Users/naazparveen/Desktop/Swaasth/backend/data/CGHS costs/Bhopal/17062025132836_CGHS Rates 2024- Bhopal.pdf,Bhopal,38,38,176,partial_success,166/176 rows flagged for manual review,True
/Users/naazparveen/Desktop/Swaasth/backend/data/CGHS costs/Bhopal/19062025174449_Revision of CGHS rates for Cardiology procedures PET-CT scan and inclusion of 2 new procedures regd ( 19 and 21 December 2023) (2).pdf,Bhopal,9,9,107,partial_success,90/107 rows flagged for manual review,True
/Users/naazparveen/Desktop/Swaasth/backend/data/CGHS costs/Bhubaneswar/17062025133614_CGHS Rates 2024 Bhubaneswar_.pdf,Bhubaneswar,47,47,1533,partial_success,1495/1533 rows flagged for manual review,True
/Users/naazparveen/Desktop/Swaasth/backend/data/CGHS costs/Bhubaneswar/20062025102026_Revision of CGHS rates for Cardiology procedures PET-CT scan and inclusion of 2 new procedures regd ( 19 and 21 December 2023).pdf,Bhubaneswar,9,9,107,partial_success,90/107 rows flagged for manual review,True
/Users/naazparveen/Desktop/Swaasth/backend/data/CGHS costs/Chandigarh/17062025141732_CGHS Rates 2024 Chandigarh_.pdf,Chandigarh,50,50,254,partial_success,225/254 rows flagged for manual review,True
/Users/naazparveen/Desktop/Swaasth/backend/data/CGHS costs/Chennai/17062025144439_CGHS Rates 2024 Chennai_.pdf,Chennai,55,55,1448,partial_success,1439/1448 rows flagged for manual review,True
/Users/naazparveen/Desktop/Swaasth/backend/data/CGHS costs/Chennai/20062025110146_Revision of CGHS rates for Cardiology procedures  PET-CT scan and inclusion of 2 new procedures regd ( 19 and 21 December 2023).pdf,Chennai,9,9,107,partial_success,90/107 rows flagged for manual review,True
/Users/naazparveen/Desktop/Swaasth/backend/data/CGHS costs/Dehradun/17062025150705_CGHS Rates 2024 Dehradun.pdf,Dehradun,55,55,1789,partial_success,1723/1789 rows flagged for manual review,True
/Users/naazparveen/Desktop/Swaasth/backend/data/CGHS costs/Dehradun/20062025110826_CGHS Rates for 21 Treatment Procedures or Investigations in continuation of 2014 CGHS Rates (11 Feb 2021) (5).pdf,Dehradun,3,3,25,partial_success,24/25 rows flagged for manual review,True
/Users/naazparveen/Desktop/Swaasth/backend/data/CGHS costs/Dehradun/20062025110948_Notification of CGHS Rates for 15 Investigations under CGHS (14 January 2020) (3).pdf,Dehradun,2,2,19,partial_success,19/19 rows flagged for manual review,True
/Users/naazparveen/Desktop/Swaasth/backend/data/CGHS costs/Dehradun/20062025111122_Notification of CGHS Rates for 25 Investigations under CGHS (3 June 2020) (3).pdf,Dehradun,3,3,25,partial_success,25/25 rows flagged for manual review,True
/Users/naazparveen/Desktop/Swaasth/backend/data/CGHS costs/Delhi and NCR/20062025112320_Revision of CGHS rates for Cardiology procedures PET-CT scan and inclusion of 2 new procedures regd ( 19 and 21 December 2023) (3).pdf,Delhi and NCR,9,9,107,partial_success,90/107 rows flagged for manual review,True
/Users/naazparveen/Desktop/Swaasth/backend/data/CGHS costs/Hyderabad/17062025153951_CGHS Rate 2024- Hyderabad.pdf,Hyderabad,51,51,1369,partial_success,1344/1369 rows flagged for manual review,True
/Users/naazparveen/Desktop/Swaasth/backend/data/CGHS costs/Indore/20062025113907_CGHS-Rates-for-21-Treatment-Procedures-or-Investigations-in-continuation-of-2014-CGHS-Rates-(11-Feb-2021)--.pdf,Indore,3,3,33,partial_success,32/33 rows flagged for manual review,True
/Users/naazparveen/Desktop/Swaasth/backend/data/CGHS costs/Indore/20062025114136_Notification-of-CGHS-Rates-for-15-Investigations-under-CGHS-(14-January-2020).pdf,Indore,2,2,23,partial_success,23/23 rows flagged for manual review,True
/Users/naazparveen/Desktop/Swaasth/backend/data/CGHS costs/Indore/20062025114552_Notification-of-CGHS-Rates-for-25-Investigations-under-CGHS-(3-June-2020).pdf,Indore,3,3,23,partial_success,23/23 rows flagged for manual review,True
/Users/naazparveen/Desktop/Swaasth/backend/data/CGHS costs/Meerut/20062025125532_CGHS-Rates-for-21-Treatment-Procedures-or-Investigations-in-continuation-of-2014-CGHS-Rates-(11-Feb-2021)-- (7).pdf,Meerut,3,3,33,partial_success,32/33 rows flagged for manual review,True
/Users/naazparveen/Desktop/Swaasth/backend/data/CGHS costs/Meerut/20062025125815_Notification-of-CGHS-Rates-for-15-Investigations-under-CGHS-(14-January-2020) (7).pdf,Meerut,2,2,23,partial_success,23/23 rows flagged for manual review,True
/Users/naazparveen/Desktop/Swaasth/backend/data/CGHS costs/Meerut/20062025130020_Notification-of-CGHS-Rates-for-25-Investigations-under-CGHS-(3-June-2020) (6).pdf,Meerut,3,3,23,partial_success,23/23 rows flagged for manual review,True
/Users/naazparveen/Desktop/Swaasth/backend/data/CGHS costs/Nagpur/20062025140957_CGHS-Rates-for-21-Treatment-Procedures-or-Investigations-in-continuation-of-2014-CGHS-Rates-(11-Feb-2021)-- (10).pdf,Nagpur,3,3,33,partial_success,32/33 rows flagged for manual review,True
/Users/naazparveen/Desktop/Swaasth/backend/data/CGHS costs/Nagpur/20062025141233_Notification of CGHS Rates for 25 Investigations under CGHS (3 June 2020) (5).pdf,Nagpur,3,3,23,partial_success,23/23 rows flagged for manual review,True
/Users/naazparveen/Desktop/Swaasth/backend/data/CGHS costs/Nagpur/20062025141341_Notification-of-CGHS-Rates-for-15-Investigations-under-CGHS-(14-January-2020) (9).pdf,Nagpur,2,2,23,partial_success,23/23 rows flagged for manual review,True
/Users/naazparveen/Desktop/Swaasth/backend/data/CGHS costs/Ranchi/20062025144227_CGHS-Rates-for-21-Treatment-Procedures-or-Investigations-in-continuation-of-2014-CGHS-Rates-(11-Feb-2021)-- (13).pdf,Ranchi,3,3,33,partial_success,32/33 rows flagged for manual review,True
/Users/naazparveen/Desktop/Swaasth/backend/data/CGHS costs/Ranchi/20062025144509_Notification-of-CGHS-Rates-for-15-Investigations-under-CGHS-(14-January-2020) (13).pdf,Ranchi,2,2,23,partial_success,23/23 rows flagged for manual review,True
/Users/naazparveen/Desktop/Swaasth/backend/data/CGHS costs/Ranchi/20062025144702_Notification-of-CGHS-Rates-for-25-Investigations-under-CGHS-(3-June-2020) (11).pdf,Ranchi,3,3,23,partial_success,23/23 rows flagged for manual review,True
