city_folder,source_pdf,source_page,raw_text_line,procedure_name,nabh_rate,non_nabh_rate,cghs_rate,rate_type,remarks,extraction_confidence,needs_manual_review
Meerut,20062025125532_CGHS-Rates-for-21-Treatment-Procedures-or-Investigations-in-continuation-of-2014-CGHS-Rates-(11-Feb-2021)-- (7).pdf,1,$-11011/09/2019/Add!.DDG(HQ)/CGHS.,$-11011/09/2019/Add!.DDG(HQ)/CGHS.,,,,,,0.35,True
Meerut,20062025125532_CGHS-Rates-for-21-Treatment-Procedures-or-Investigations-in-continuation-of-2014-CGHS-Rates-(11-Feb-2021)-- (7).pdf,1,2014 CGHS rates.,2014 CGHS rates.,,,,,,0.35,True
Meerut,20062025125532_CGHS-Rates-for-21-Treatment-Procedures-or-Investigations-in-continuation-of-2014-CGHS-Rates-(11-Feb-2021)-- (7).pdf,1,draw attention to the Office Memoranda No S-11011/09/2019/Addl.DDG(HQ)/CGHS dated,draw attention to the Office Memoranda No S-11011/09/2019/Addl.DDG(HQ)/CGHS dated,,,,,,0.35,True
Meerut,20062025125532_CGHS-Rates-for-21-Treatment-Procedures-or-Investigations-in-continuation-of-2014-CGHS-Rates-(11-Feb-2021)-- (7).pdf,1,14.01.2020 and 03.06.2020 vide which CGHS rates have been notified by the Government for 15 and 25 investigations and procedures respectively for treatment at CGHS empanelled Health Care Organizations (HCOs) and to state that it is now decided to notify CGHS package rates for another 21 investigations/ treatment procedures as per the details given,01.2020 and 03.06.2020 vide which CGHS rates have been notified by the Government for 15 and 25 investigations and procedures respectively for treatment at CGHS empanelled Health Care Organizations (HCOs) and to state that it is now decided to notify CGHS package rates for another 21 investigations/ treatment procedures as per the details given,,,,,,0.35,True
Meerut,20062025125532_CGHS-Rates-for-21-Treatment-Procedures-or-Investigations-in-continuation-of-2014-CGHS-Rates-(11-Feb-2021)-- (7).pdf,1,under and shall be treated as part of CGHS package Rates 2014. S [Investigations/procedures/ CGHS rate for NABL/ NABH Accredited No implants 1,under and shall be treated as part of CGHS package Rates 2014. S [Investigations/procedures/ CGHS rate for NABL/ NABH Accredited No implants,,,1,nabh,,0.5,True
Meerut,20062025125532_CGHS-Rates-for-21-Treatment-Procedures-or-Investigations-in-continuation-of-2014-CGHS-Rates-(11-Feb-2021)-- (7).pdf,1,2 HR CT chest Rs 2000/-,2 HR CT chest Rs 2000/-,,,,,,0.35,True
Meerut,20062025125532_CGHS-Rates-for-21-Treatment-Procedures-or-Investigations-in-continuation-of-2014-CGHS-Rates-(11-Feb-2021)-- (7).pdf,1,3 Fluid air exchange Rs 5000 /-per eye|,3 Fluid air exchange Rs 5000 /-per eye,,,,,,0.35,True
Meerut,20062025125532_CGHS-Rates-for-21-Treatment-Procedures-or-Investigations-in-continuation-of-2014-CGHS-Rates-(11-Feb-2021)-- (7).pdf,1,4 C3F8 GAS Injection Rs 5000 /-per eye,4 C3F8 GAS Injection Rs 5000 /-per eye,,,,,,0.35,True
Meerut,20062025125532_CGHS-Rates-for-21-Treatment-Procedures-or-Investigations-in-continuation-of-2014-CGHS-Rates-(11-Feb-2021)-- (7).pdf,1,5 Diurnal variation of IOP. Rs 1500),5 Diurnal variation of IOP. Rs 1500),,,,,,0.35,True
Meerut,20062025125532_CGHS-Rates-for-21-Treatment-Procedures-or-Investigations-in-continuation-of-2014-CGHS-Rates-(11-Feb-2021)-- (7).pdf,1,6 Rs 5000 Fper eye,6 Rs 5000 Fper eye,,,,,,0.35,True
Meerut,20062025125532_CGHS-Rates-for-21-Treatment-Procedures-or-Investigations-in-continuation-of-2014-CGHS-Rates-(11-Feb-2021)-- (7).pdf,1,7 Rs 7000 /-per eve,7 Rs 7000 /-per eve,,,,,,0.35,True
Meerut,20062025125532_CGHS-Rates-for-21-Treatment-Procedures-or-Investigations-in-continuation-of-2014-CGHS-Rates-(11-Feb-2021)-- (7).pdf,1,8 ERM Removal Rs 3000 /-per eye,8 ERM Removal Rs 3000 /-per eye,,,,,,0.35,True
Meerut,20062025125532_CGHS-Rates-for-21-Treatment-Procedures-or-Investigations-in-continuation-of-2014-CGHS-Rates-(11-Feb-2021)-- (7).pdf,1,9 ILM Membrane peeling Rs 3000 /-per eye| °,9 ILM Membrane peeling Rs 3000 /-per eye| °,,,,,,0.35,True
Meerut,20062025125532_CGHS-Rates-for-21-Treatment-Procedures-or-Investigations-in-continuation-of-2014-CGHS-Rates-(11-Feb-2021)-- (7).pdf,1,At Punctal plug(Collagen/Silicon) Rs 4000/- per eye},At Punctal plug(Collagen/Silicon) Rs 4000/- per eye},,,,,,0.35,True
Meerut,20062025125532_CGHS-Rates-for-21-Treatment-Procedures-or-Investigations-in-continuation-of-2014-CGHS-Rates-(11-Feb-2021)-- (7).pdf,1,12 Laser Trabeculoplasty Rs 16000/- Both eyes Gonioplasty B/E,12 Laser Trabeculoplasty Rs 16000/- Both eyes Gonioplasty B/E,,,,,,0.35,True
Meerut,20062025125532_CGHS-Rates-for-21-Treatment-Procedures-or-Investigations-in-continuation-of-2014-CGHS-Rates-(11-Feb-2021)-- (7).pdf,1,13 Eye laser pulse therapy Rs 3500/- per eye,13 Eye laser pulse therapy Rs 3500/- per eye,,,,,,0.35,True
Meerut,20062025125532_CGHS-Rates-for-21-Treatment-Procedures-or-Investigations-in-continuation-of-2014-CGHS-Rates-(11-Feb-2021)-- (7).pdf,1,14 Glaucoma valve/Glaucoma Rs 15000/-|,14 Glaucoma valve/Glaucoma Rs 15000/-,,,,,,0.35,True
Meerut,20062025125532_CGHS-Rates-for-21-Treatment-Procedures-or-Investigations-in-continuation-of-2014-CGHS-Rates-(11-Feb-2021)-- (7).pdf,2,"15 malyagin Ring Be 10 0007,",15 malyagin Ring Be,0007,10,,,,0.72,False
Meerut,20062025125532_CGHS-Rates-for-21-Treatment-Procedures-or-Investigations-in-continuation-of-2014-CGHS-Rates-(11-Feb-2021)-- (7).pdf,2,"16 Globe exploration Rs 10,000/-","16 Globe exploration Rs 10,000/-",,,,,,0.35,True
Meerut,20062025125532_CGHS-Rates-for-21-Treatment-Procedures-or-Investigations-in-continuation-of-2014-CGHS-Rates-(11-Feb-2021)-- (7).pdf,2,17 Scleral fixation Tissue glue Rs 8400/-,17 Scleral fixation Tissue glue Rs 8400/-,,,,,,0.35,True
Meerut,20062025125532_CGHS-Rates-for-21-Treatment-Procedures-or-Investigations-in-continuation-of-2014-CGHS-Rates-(11-Feb-2021)-- (7).pdf,2,18 Fibro optic Nasal Endoscopy Rs 2300/-,18 Fibro optic Nasal Endoscopy Rs 2300/-,,,,,,0.35,True
Meerut,20062025125532_CGHS-Rates-for-21-Treatment-Procedures-or-Investigations-in-continuation-of-2014-CGHS-Rates-(11-Feb-2021)-- (7).pdf,2,19 Video Stroboscopy Rs 5500/-,19 Video Stroboscopy Rs 5500/-,,,,,,0.35,True
Meerut,20062025125532_CGHS-Rates-for-21-Treatment-Procedures-or-Investigations-in-continuation-of-2014-CGHS-Rates-(11-Feb-2021)-- (7).pdf,2,"20 Rs 10,000/1","20 Rs 10,000/1",,,,,,0.35,True
Meerut,20062025125532_CGHS-Rates-for-21-Treatment-Procedures-or-Investigations-in-continuation-of-2014-CGHS-Rates-(11-Feb-2021)-- (7).pdf,2,21 Sleep deprived EEG Rate shall be the same CGHS rate of EEG/|,21 Sleep deprived EEG Rate shall be the same CGHS rate of EEG/,,,,,,0.35,True
Meerut,20062025125532_CGHS-Rates-for-21-Treatment-Procedures-or-Investigations-in-continuation-of-2014-CGHS-Rates-(11-Feb-2021)-- (7).pdf,2,2. The rates for investigations from S.No 1 to S.No 21 are for NABL/NABH Accredited HCOs. The rates for non-NABL/non-NABH Accredited HCOs shall be 15% less.,The rates for investigations from S.No 1 to S.No 21 are for NABL/NABH Accredited HCOs. The rates for non-NABL/non-NABH Accredited HCOs shall be 15% less.,,,,nabh,,0.35,True
Meerut,20062025125532_CGHS-Rates-for-21-Treatment-Procedures-or-Investigations-in-continuation-of-2014-CGHS-Rates-(11-Feb-2021)-- (7).pdf,2,"2643 dt 08.02.2021 cs (Dr. eb ‘alia) Addl. DDG(HQ), CGHS To:","2643 dt 08.02.2021 cs (Dr. eb ‘alia) Addl. DDG(HQ), CGHS To:",,,,,,0.35,True
Meerut,20062025125532_CGHS-Rates-for-21-Treatment-Procedures-or-Investigations-in-continuation-of-2014-CGHS-Rates-(11-Feb-2021)-- (7).pdf,2,"4. CGHS Desk-I/Desk-Il/CGHS-I/CGHS-II, Dte.GHS, Nirman Bhawan. New Delhi 5, Estt.l/ Estt.ll/ Estt.lll/ Estt.1V Sections, Ministry of Health & Family Welfare","CGHS Desk-I/Desk-Il/CGHS-I/CGHS-II, Dte.GHS, Nirman Bhawan. New Delhi 5, Estt.l/ Estt.ll/ Estt.lll/ Estt.1V Sections, Ministry of Health & Family Welfare",,,,,,0.35,True
Meerut,20062025125532_CGHS-Rates-for-21-Treatment-Procedures-or-Investigations-in-continuation-of-2014-CGHS-Rates-(11-Feb-2021)-- (7).pdf,2,"12. Deputy Secretary (Civil Service News), Department of Personnel & Training, 5th Floor, Sardar Patel Bhawan, New Delhi","Deputy Secretary (Civil Service News), Department of Personnel & Training, 5th Floor, Sardar Patel Bhawan, New Delhi",,,,,,0.35,True
Meerut,20062025125532_CGHS-Rates-for-21-Treatment-Procedures-or-Investigations-in-continuation-of-2014-CGHS-Rates-(11-Feb-2021)-- (7).pdf,2,"15. Secretary, Staff Side, 13-C, Ferozshah Road, New Delhi- e-mail nc.jem.np@gmail.com","Secretary, Staff Side, 13-C, Ferozshah Road, New Delhi- e-mail nc.jem.np@gmail.com",,,,,,0.35,True
Meerut,20062025125532_CGHS-Rates-for-21-Treatment-Procedures-or-Investigations-in-continuation-of-2014-CGHS-Rates-(11-Feb-2021)-- (7).pdf,2,"17.Office of the Comptroller & Auditor General of India, 10 Bahadur Shah Zafar Marg, New Delhi","Office of the Comptroller & Auditor General of India, 10 Bahadur Shah Zafar Marg, New Delhi",,,,,,0.35,True
Meerut,20062025125532_CGHS-Rates-for-21-Treatment-Procedures-or-Investigations-in-continuation-of-2014-CGHS-Rates-(11-Feb-2021)-- (7).pdf,3,"19.UTI Infrastructure Technology And Services Limited, UTI-ITSL Tower, Plot No3","UTI Infrastructure Technology And Services Limited, UTI-ITSL Tower, Plot No3",,,,,,0.35,True
Meerut,20062025125532_CGHS-Rates-for-21-Treatment-Procedures-or-Investigations-in-continuation-of-2014-CGHS-Rates-(11-Feb-2021)-- (7).pdf,3,"Sector -11, CBD Belapur, Navi Mumbai-400614","Sector -11, CBD Belapur, Navi Mumbai-400614",,,,,,0.35,True
Meerut,20062025125532_CGHS-Rates-for-21-Treatment-Procedures-or-Investigations-in-continuation-of-2014-CGHS-Rates-(11-Feb-2021)-- (7).pdf,3,Date: 11-02-2021 16:47:01 Reason: Approved,Date: 11-02-2021 16:47:01 Reason: Approved,,,,,,0.35,True
